start,
fabm,f
facs,f
fadf,f
fadh,f
fahe,f
fahj,f
fajb,f
famb,f
famm,f
famp,f
farg,f
fcks,f
fclj,f
fclm,f
fcmm,f
fcmp,f
fdjf,f
fdnc,f
fdrr,f
fejm,f
ffpk,f
fjbg,f
fjcs,f
fjdk,f
fjtr,f
fkep,f
fkmm,f
fkmn,f
fkrh,f
flac,f
flas,f
flbb,f
flmw,f
flsh,f
fmaa,f
fmbb,f
fmfh,f
fmra,f
fmtg,f
fnjs,f
fnxs,f
fsaa,f
fsam,f
fser,f
fsjs,f
fslw,f
fsqh,f
fsrg,f
fssb,f
fsxe,f
ftdd,f
fuxn,f
mash,m
mbak,m
mbwk,m
mcjd,m
mcll,m
mctw,m
mdaw,m
mdbd,m
mdom,m
mdoq,m
mdpj,m
mglp,m
mjcm,m
mjma,m
mjmc,m
mjms,m
mjsd,m
mjwm,m
mlea,m
mlss,m
mmbg,m
mmxh,m
msjd,m
mwjk,m
